Date [mm/dd/yyyy], Time [HH:MM:SS.ZZ], Latitude [deg], Longitude [deg]
7/14/2021,21:57:53.0,37.79432833,-122.41952833
7/14/2021,21:57:54.0,37.79432150,-122.41953550
7/14/2021,21:57:54.0,37.79432150,-122.41953550
7/14/2021,21:57:55.0,37.79431300,-122.41954217
7/14/2021,21:57:55.0,37.79431300,-122.41954217
7/14/2021,21:57:56.0,37.79430400,-122.41955017
7/14/2021,21:57:56.0,37.79430400,-122.41955017
7/14/2021,21:57:57.0,37.79429783,-122.41955667
7/14/2021,21:57:57.0,37.79429783,-122.41955667
7/14/2021,21:57:58.0,37.79429050,-122.41956233
7/14/2021,21:57:58.0,37.79429050,-122.41956233
7/14/2021,21:57:59.0,37.79428350,-122.41956800
7/14/2021,21:57:59.0,37.79428350,-122.41956800
7/14/2021,21:58:0.0,37.79427400,-122.41957433
7/14/2021,21:58:0.0,37.79427400,-122.41957433
7/14/2021,21:58:1.0,37.79426350,-122.41957750
7/14/2021,21:58:1.0,37.79426350,-122.41957750
7/14/2021,21:58:2.0,37.79425883,-122.41958583
7/14/2021,21:58:2.0,37.79425883,-122.41958583
7/14/2021,21:58:3.0,37.79425867,-122.41959650
7/14/2021,21:58:3.0,37.79425867,-122.41959650
7/14/2021,21:58:4.0,37.79425567,-122.41959983
7/14/2021,21:58:4.0,37.79425567,-122.41959983
7/14/2021,21:58:5.0,37.79425517,-122.41960750
7/14/2021,21:58:5.0,37.79425517,-122.41960750
7/14/2021,21:58:6.0,37.79424833,-122.41961100
7/14/2021,21:58:6.0,37.79424833,-122.41961100
7/14/2021,21:58:7.0,37.79425000,-122.41961433
7/14/2021,21:58:7.0,37.79425000,-122.41961433
7/14/2021,21:58:7.0,37.79425000,-122.41961433
7/14/2021,21:58:8.0,37.79425183,-122.41961383
7/14/2021,21:58:8.0,37.79425183,-122.41961383
7/14/2021,21:58:9.0,37.79425250,-122.41961500
7/14/2021,21:58:9.0,37.79425250,-122.41961500
7/14/2021,21:58:10.0,37.79425500,-122.41961617
7/14/2021,21:58:10.0,37.79425500,-122.41961617
7/14/2021,21:58:11.0,37.79425200,-122.41961633
7/14/2021,21:58:11.0,37.79425200,-122.41961633
7/14/2021,21:58:12.0,37.79424867,-122.41961817
7/14/2021,21:58:12.0,37.79424867,-122.41961817
7/14/2021,21:58:12.0,37.79424867,-122.41961817
7/14/2021,21:58:13.0,37.79424550,-122.41961950
7/14/2021,21:58:13.0,37.79424550,-122.41961950
7/14/2021,21:58:14.0,37.79424300,-122.41962017
7/14/2021,21:58:14.0,37.79424300,-122.41962017
7/14/2021,21:58:15.0,37.79424300,-122.41961017
7/14/2021,21:58:15.0,37.79424300,-122.41961017
7/14/2021,21:58:16.0,37.79424100,-122.41959917
7/14/2021,21:58:16.0,37.79424100,-122.41959917
7/14/2021,21:58:17.0,37.79424000,-122.41958783
7/14/2021,21:58:17.0,37.79424000,-122.41958783
7/14/2021,21:58:18.0,37.79423700,-122.41956383
7/14/2021,21:58:18.0,37.79423700,-122.41956383
7/14/2021,21:58:19.0,37.79424217,-122.41955683
7/14/2021,21:58:19.0,37.79424217,-122.41955683
7/14/2021,21:58:20.0,37.79423617,-122.41955783
7/14/2021,21:58:20.0,37.79423617,-122.41955783
7/14/2021,21:58:21.0,37.79422233,-122.41955050
7/14/2021,21:58:21.0,37.79422233,-122.41955050
7/14/2021,21:58:22.0,37.79420900,-122.41954083
7/14/2021,21:58:22.0,37.79420900,-122.41954083
7/14/2021,21:58:23.0,37.79419167,-122.41953583
7/14/2021,21:58:23.0,37.79419167,-122.41953583
7/14/2021,21:58:24.0,37.79417050,-122.41952800
7/14/2021,21:58:24.0,37.79417050,-122.41952800
7/14/2021,21:58:25.0,37.79414967,-122.41952017
7/14/2021,21:58:25.0,37.79414967,-122.41952017
7/14/2021,21:58:26.0,37.79412833,-122.41951283
7/14/2021,21:58:26.0,37.79412833,-122.41951283
7/14/2021,21:58:27.0,37.79410733,-122.41950583
7/14/2021,21:58:27.0,37.79410733,-122.41950583
7/14/2021,21:58:28.0,37.79409150,-122.41950333
7/14/2021,21:58:28.0,37.79409150,-122.41950333
7/14/2021,21:58:29.0,37.79407533,-122.41950267
7/14/2021,21:58:29.0,37.79407533,-122.41950267
7/14/2021,21:58:30.0,37.79405567,-122.41949767
7/14/2021,21:58:30.0,37.79405567,-122.41949767
7/14/2021,21:58:31.0,37.79404900,-122.41949217
7/14/2021,21:58:31.0,37.79404900,-122.41949217
7/14/2021,21:58:32.0,37.79404300,-122.41949050
7/14/2021,21:58:32.0,37.79404300,-122.41949050
7/14/2021,21:58:33.0,37.79403700,-122.41948900
7/14/2021,21:58:33.0,37.79403700,-122.41948900
7/14/2021,21:58:34.0,37.79402800,-122.41948367
7/14/2021,21:58:34.0,37.79402800,-122.41948367
7/14/2021,21:58:35.0,37.79401683,-122.41947250
7/14/2021,21:58:35.0,37.79401683,-122.41947250
7/14/2021,21:58:36.0,37.79399983,-122.41946183
7/14/2021,21:58:36.0,37.79399983,-122.41946183
7/14/2021,21:58:37.0,37.79398417,-122.41945650
7/14/2021,21:58:37.0,37.79398417,-122.41945650
7/14/2021,21:58:38.0,37.79397100,-122.41945533
7/14/2021,21:58:38.0,37.79397100,-122.41945533
7/14/2021,21:58:39.0,37.79396417,-122.41945017
7/14/2021,21:58:39.0,37.79396417,-122.41945017
7/14/2021,21:58:40.0,37.79395767,-122.41944517
7/14/2021,21:58:40.0,37.79395767,-122.41944517
7/14/2021,21:58:41.0,37.79395150,-122.41944433
7/14/2021,21:58:41.0,37.79395150,-122.41944433
7/14/2021,21:58:41.0,37.79395150,-122.41944433
7/14/2021,21:58:42.0,37.79393850,-122.41943817
7/14/2021,21:58:42.0,37.79393850,-122.41943817
7/14/2021,21:58:43.0,37.79392467,-122.41943417
7/14/2021,21:58:43.0,37.79392467,-122.41943417
7/14/2021,21:58:44.0,37.79390967,-122.41943383
7/14/2021,21:58:44.0,37.79390967,-122.41943383
7/14/2021,21:58:45.0,37.79390400,-122.41943217
7/14/2021,21:58:45.0,37.79390400,-122.41943217
7/14/2021,21:58:46.0,37.79389333,-122.41942900
7/14/2021,21:58:46.0,37.79389333,-122.41942900
7/14/2021,21:58:47.0,37.79388717,-122.41942800
7/14/2021,21:58:47.0,37.79388717,-122.41942800
7/14/2021,21:58:48.0,37.79386967,-122.41941350
7/14/2021,21:58:48.0,37.79386967,-122.41941350
7/14/2021,21:58:49.0,37.79386300,-122.41941300
7/14/2021,21:58:49.0,37.79386300,-122.41941300
7/14/2021,21:58:50.0,37.79385083,-122.41941067
7/14/2021,21:58:50.0,37.79385083,-122.41941067
7/14/2021,21:58:51.0,37.79384433,-122.41941000
7/14/2021,21:58:51.0,37.79384433,-122.41941000
7/14/2021,21:58:52.0,37.79383567,-122.41940983
7/14/2021,21:58:52.0,37.79383567,-122.41940983
7/14/2021,21:58:53.0,37.79382817,-122.41940767
7/14/2021,21:58:53.0,37.79382817,-122.41940767
7/14/2021,21:58:54.0,37.79382050,-122.41940617
7/14/2021,21:58:54.0,37.79382050,-122.41940617
7/14/2021,21:58:55.0,37.79381317,-122.41940517
7/14/2021,21:58:55.0,37.79381317,-122.41940517
7/14/2021,21:58:56.0,37.79380317,-122.41940150
7/14/2021,21:58:56.0,37.79380317,-122.41940150
7/14/2021,21:58:57.0,37.79379083,-122.41939500
7/14/2021,21:58:57.0,37.79379083,-122.41939500
7/14/2021,21:58:58.0,37.79377233,-122.41938450
7/14/2021,21:58:58.0,37.79377233,-122.41938450
7/14/2021,21:58:59.0,37.79376100,-122.41937217
7/14/2021,21:58:59.0,37.79376100,-122.41937217
7/14/2021,21:59:0.0,37.79375200,-122.41936000
7/14/2021,21:59:0.0,37.79375200,-122.41936000
7/14/2021,21:59:0.0,37.79375200,-122.41936000
7/14/2021,21:59:1.0,37.79374133,-122.41934650
7/14/2021,21:59:1.0,37.79374133,-122.41934650
7/14/2021,21:59:2.0,37.79373800,-122.41933800
7/14/2021,21:59:2.0,37.79373800,-122.41933800
7/14/2021,21:59:2.0,37.79373800,-122.41933800
7/14/2021,21:59:3.0,37.79372233,-122.41933667
7/14/2021,21:59:3.0,37.79372233,-122.41933667
7/14/2021,21:59:4.0,37.79371350,-122.41933617
7/14/2021,21:59:4.0,37.79371350,-122.41933617
7/14/2021,21:59:4.0,37.79371350,-122.41933617
7/14/2021,21:59:5.0,37.79369733,-122.41933417
7/14/2021,21:59:5.0,37.79369733,-122.41933417
7/14/2021,21:59:5.0,37.79369733,-122.41933417
7/14/2021,21:59:6.0,37.79368850,-122.41933317
7/14/2021,21:59:6.0,37.79368850,-122.41933317
7/14/2021,21:59:6.0,37.79368850,-122.41933317
7/14/2021,21:59:7.0,37.79367233,-122.41933083
7/14/2021,21:59:7.0,37.79367233,-122.41933083
7/14/2021,21:59:8.0,37.79366350,-122.41933033
7/14/2021,21:59:8.0,37.79366350,-122.41933033
7/14/2021,21:59:8.0,37.79366350,-122.41933033
7/14/2021,21:59:9.0,37.79364617,-122.41932817
7/14/2021,21:59:9.0,37.79364617,-122.41932817
7/14/2021,21:59:9.0,37.79364617,-122.41932817
7/14/2021,21:59:10.0,37.79363750,-122.41932750
7/14/2021,21:59:10.0,37.79363750,-122.41932750
7/14/2021,21:59:11.0,37.79362083,-122.41932517
7/14/2021,21:59:11.0,37.79362083,-122.41932517
7/14/2021,21:59:11.0,37.79362083,-122.41932517
7/14/2021,21:59:12.0,37.79361167,-122.41932500
7/14/2021,21:59:12.0,37.79361167,-122.41932500
7/14/2021,21:59:13.0,37.79360750,-122.41932550
7/14/2021,21:59:13.0,37.79360750,-122.41932550
7/14/2021,21:59:14.0,37.79360317,-122.41932100
7/14/2021,21:59:14.0,37.79360317,-122.41932100
7/14/2021,21:59:15.0,37.79359900,-122.41931650
7/14/2021,21:59:15.0,37.79359900,-122.41931650
7/14/2021,21:59:16.0,37.79359933,-122.41931667
7/14/2021,21:59:16.0,37.79359933,-122.41931667
7/14/2021,21:59:17.0,37.79360167,-122.41932050
7/14/2021,21:59:17.0,37.79360167,-122.41932050
7/14/2021,21:59:18.0,37.79360433,-122.41932350
7/14/2021,21:59:18.0,37.79360433,-122.41932350
7/14/2021,21:59:19.0,37.79360883,-122.41932467
7/14/2021,21:59:19.0,37.79360883,-122.41932467
7/14/2021,21:59:20.0,37.79361233,-122.41932533
7/14/2021,21:59:20.0,37.79361233,-122.41932533
7/14/2021,21:59:21.0,37.79361433,-122.41932867
7/14/2021,21:59:21.0,37.79361433,-122.41932867
7/14/2021,21:59:22.0,37.79361900,-122.41933200
7/14/2021,21:59:22.0,37.79361900,-122.41933200
7/14/2021,21:59:23.0,37.79362217,-122.41933750
7/14/2021,21:59:23.0,37.79362217,-122.41933750
7/14/2021,21:59:24.0,37.79362100,-122.41934033
7/14/2021,21:59:24.0,37.79362100,-122.41934033
7/14/2021,21:59:25.0,37.79361883,-122.41934317
7/14/2021,21:59:25.0,37.79361883,-122.41934317
7/14/2021,21:59:26.0,37.79361383,-122.41934517
7/14/2021,21:59:26.0,37.79361383,-122.41934517
7/14/2021,21:59:27.0,37.79360250,-122.41934367
7/14/2021,21:59:27.0,37.79360250,-122.41934367
7/14/2021,21:59:27.0,37.79360250,-122.41934367
7/14/2021,21:59:28.0,37.79358850,-122.41934500
7/14/2021,21:59:28.0,37.79358850,-122.41934500
7/14/2021,21:59:29.0,37.79357150,-122.41934650
7/14/2021,21:59:29.0,37.79357150,-122.41934650
7/14/2021,21:59:30.0,37.79355267,-122.41934633
7/14/2021,21:59:30.0,37.79355267,-122.41934633
7/14/2021,21:59:31.0,37.79352800,-122.41934083
7/14/2021,21:59:31.0,37.79352800,-122.41934083
7/14/2021,21:59:32.0,37.79350083,-122.41933033
7/14/2021,21:59:32.0,37.79350083,-122.41933033
7/14/2021,21:59:32.0,37.79350083,-122.41933033
7/14/2021,21:59:33.0,37.79347750,-122.41932900
7/14/2021,21:59:33.0,37.79347750,-122.41932900
7/14/2021,21:59:34.0,37.79345183,-122.41932733
7/14/2021,21:59:34.0,37.79345183,-122.41932733
7/14/2021,21:59:35.0,37.79342717,-122.41933000
7/14/2021,21:59:35.0,37.79342717,-122.41933000
7/14/2021,21:59:36.0,37.79340733,-122.41933433
7/14/2021,21:59:36.0,37.79340733,-122.41933433
7/14/2021,21:59:37.0,37.79338983,-122.41933317
7/14/2021,21:59:37.0,37.79338983,-122.41933317
7/14/2021,21:59:38.0,37.79337233,-122.41932983
7/14/2021,21:59:38.0,37.79337233,-122.41932983
7/14/2021,21:59:39.0,37.79334700,-122.41932550
7/14/2021,21:59:39.0,37.79334700,-122.41932550
7/14/2021,21:59:40.0,37.79331983,-122.41932467
7/14/2021,21:59:40.0,37.79331983,-122.41932467
7/14/2021,21:59:41.0,37.79329283,-122.41933050
7/14/2021,21:59:41.0,37.79329283,-122.41933050
7/14/2021,21:59:42.0,37.79326583,-122.41933067
7/14/2021,21:59:42.0,37.79326583,-122.41933067
7/14/2021,21:59:42.0,37.79326583,-122.41933067
7/14/2021,21:59:43.0,37.79323850,-122.41932500
7/14/2021,21:59:43.0,37.79323850,-122.41932500
7/14/2021,21:59:44.0,37.79320967,-122.41931600
7/14/2021,21:59:44.0,37.79320967,-122.41931600
7/14/2021,21:59:45.0,37.79318433,-122.41930467
7/14/2021,21:59:45.0,37.79318433,-122.41930467
7/14/2021,21:59:46.0,37.79315567,-122.41929517
7/14/2021,21:59:46.0,37.79315567,-122.41929517
7/14/2021,21:59:47.0,37.79313033,-122.41928567
7/14/2021,21:59:47.0,37.79313033,-122.41928567
7/14/2021,21:59:47.0,37.79313033,-122.41928567
7/14/2021,21:59:48.0,37.79310033,-122.41927350
7/14/2021,21:59:48.0,37.79310033,-122.41927350
7/14/2021,21:59:49.0,37.79307233,-122.41925933
7/14/2021,21:59:49.0,37.79307233,-122.41925933
7/14/2021,21:59:50.0,37.79304417,-122.41924700
7/14/2021,21:59:50.0,37.79304417,-122.41924700
7/14/2021,21:59:51.0,37.79301117,-122.41923817
7/14/2021,21:59:51.0,37.79301117,-122.41923817
7/14/2021,21:59:52.0,37.79298400,-122.41922883
7/14/2021,21:59:52.0,37.79298400,-122.41922883
7/14/2021,21:59:53.0,37.79295667,-122.41922017
7/14/2021,21:59:53.0,37.79295667,-122.41922017
7/14/2021,21:59:54.0,37.79292583,-122.41921333
7/14/2021,21:59:54.0,37.79292583,-122.41921333
7/14/2021,21:59:55.0,37.79290000,-122.41920783
7/14/2021,21:59:55.0,37.79290000,-122.41920783
7/14/2021,21:59:56.0,37.79287633,-122.41920417
7/14/2021,21:59:56.0,37.79287633,-122.41920417
7/14/2021,21:59:57.0,37.79284367,-122.41920500
7/14/2021,21:59:57.0,37.79284367,-122.41920500
7/14/2021,21:59:58.0,37.79281667,-122.41920417
7/14/2021,21:59:58.0,37.79281667,-122.41920417
7/14/2021,21:59:59.0,37.79278900,-122.41920550
7/14/2021,21:59:59.0,37.79278900,-122.41920550
7/14/2021,22:0:0.0,37.79276733,-122.41920983
7/14/2021,22:0:0.0,37.79276733,-122.41920983
7/14/2021,22:0:1.0,37.79275150,-122.41921483
7/14/2021,22:0:1.0,37.79275150,-122.41921483
7/14/2021,22:0:2.0,37.79273650,-122.41922017
7/14/2021,22:0:2.0,37.79273650,-122.41922017
7/14/2021,22:0:3.0,37.79272383,-122.41922800
7/14/2021,22:0:3.0,37.79272383,-122.41922800
7/14/2021,22:0:4.0,37.79271517,-122.41923683
7/14/2021,22:0:4.0,37.79271517,-122.41923683
7/14/2021,22:0:5.0,37.79271283,-122.41924483
7/14/2021,22:0:5.0,37.79271283,-122.41924483
7/14/2021,22:0:6.0,37.79270483,-122.41925450
7/14/2021,22:0:6.0,37.79270483,-122.41925450
7/14/2021,22:0:7.0,37.79269517,-122.41926017
7/14/2021,22:0:7.0,37.79269517,-122.41926017
7/14/2021,22:0:8.0,37.79268533,-122.41926850
7/14/2021,22:0:8.0,37.79268533,-122.41926850
7/14/2021,22:0:8.0,37.79268533,-122.41926850
7/14/2021,22:0:9.0,37.79267967,-122.41927633
7/14/2021,22:0:9.0,37.79267967,-122.41927633
7/14/2021,22:0:10.0,37.79267667,-122.41927917
7/14/2021,22:0:10.0,37.79267667,-122.41927917
7/14/2021,22:0:11.0,37.79266883,-122.41928283
7/14/2021,22:0:11.0,37.79266883,-122.41928283
7/14/2021,22:0:12.0,37.79266150,-122.41928550
7/14/2021,22:0:12.0,37.79266150,-122.41928550
7/14/2021,22:0:13.0,37.79265600,-122.41929000
7/14/2021,22:0:13.0,37.79265600,-122.41929000
7/14/2021,22:0:13.0,37.79265600,-122.41929000
7/14/2021,22:0:14.0,37.79265250,-122.41929450
7/14/2021,22:0:14.0,37.79265250,-122.41929450
7/14/2021,22:0:15.0,37.79264767,-122.41929900
7/14/2021,22:0:15.0,37.79264767,-122.41929900
7/14/2021,22:0:16.0,37.79263750,-122.41930017
7/14/2021,22:0:16.0,37.79263750,-122.41930017
7/14/2021,22:0:17.0,37.79262900,-122.41930067
7/14/2021,22:0:17.0,37.79262900,-122.41930067
7/14/2021,22:0:18.0,37.79262183,-122.41930117
7/14/2021,22:0:18.0,37.79262183,-122.41930117
7/14/2021,22:0:18.0,37.79262183,-122.41930117
7/14/2021,22:0:19.0,37.79261583,-122.41930200
7/14/2021,22:0:19.0,37.79261583,-122.41930200
7/14/2021,22:0:20.0,37.79261133,-122.41930317
7/14/2021,22:0:20.0,37.79261133,-122.41930317
7/14/2021,22:0:21.0,37.79260367,-122.41930617
7/14/2021,22:0:21.0,37.79260367,-122.41930617
7/14/2021,22:0:22.0,37.79259300,-122.41931000
7/14/2021,22:0:22.0,37.79259300,-122.41931000
7/14/2021,22:0:23.0,37.79258217,-122.41931317
7/14/2021,22:0:23.0,37.79258217,-122.41931317
7/14/2021,22:0:23.0,37.79258217,-122.41931317
7/14/2021,22:0:24.0,37.79256867,-122.41930850
7/14/2021,22:0:24.0,37.79256867,-122.41930850
7/14/2021,22:0:25.0,37.79255267,-122.41930433
7/14/2021,22:0:25.0,37.79255267,-122.41930433
7/14/2021,22:0:26.0,37.79253567,-122.41929900
7/14/2021,22:0:26.0,37.79253567,-122.41929900
7/14/2021,22:0:27.0,37.79251617,-122.41929083
7/14/2021,22:0:27.0,37.79251617,-122.41929083
7/14/2021,22:0:28.0,37.79249450,-122.41928717
7/14/2021,22:0:28.0,37.79249450,-122.41928717
7/14/2021,22:0:28.0,37.79249450,-122.41928717
7/14/2021,22:0:29.0,37.79246850,-122.41927867
7/14/2021,22:0:29.0,37.79246850,-122.41927867
7/14/2021,22:0:30.0,37.79244917,-122.41927250
7/14/2021,22:0:30.0,37.79244917,-122.41927250
7/14/2021,22:0:31.0,37.79242900,-122.41926383
7/14/2021,22:0:31.0,37.79242900,-122.41926383
7/14/2021,22:0:32.0,37.79240700,-122.41925767
7/14/2021,22:0:32.0,37.79240700,-122.41925767
7/14/2021,22:0:33.0,37.79238150,-122.41924983
7/14/2021,22:0:33.0,37.79238150,-122.41924983
7/14/2021,22:0:33.0,37.79238150,-122.41924983
7/14/2021,22:0:34.0,37.79235800,-122.41924283
7/14/2021,22:0:34.0,37.79235800,-122.41924283
7/14/2021,22:0:35.0,37.79233767,-122.41923367
7/14/2021,22:0:35.0,37.79233767,-122.41923367
7/14/2021,22:0:36.0,37.79231850,-122.41923233
7/14/2021,22:0:36.0,37.79231850,-122.41923233
7/14/2021,22:0:37.0,37.79230400,-122.41922767
7/14/2021,22:0:37.0,37.79230400,-122.41922767
7/14/2021,22:0:38.0,37.79228650,-122.41922150
7/14/2021,22:0:38.0,37.79228650,-122.41922150
7/14/2021,22:0:38.0,37.79228650,-122.41922150
7/14/2021,22:0:39.0,37.79225900,-122.41921633
7/14/2021,22:0:39.0,37.79225900,-122.41921633
7/14/2021,22:0:40.0,37.79223567,-122.41920950
7/14/2021,22:0:40.0,37.79223567,-122.41920950
7/14/2021,22:0:41.0,37.79220633,-122.41919900
7/14/2021,22:0:41.0,37.79220633,-122.41919900
7/14/2021,22:0:42.0,37.79218483,-122.41918883
7/14/2021,22:0:42.0,37.79218483,-122.41918883
7/14/2021,22:0:43.0,37.79215283,-122.41917883
7/14/2021,22:0:43.0,37.79215283,-122.41917883
7/14/2021,22:0:43.0,37.79215283,-122.41917883
7/14/2021,22:0:44.0,37.79212617,-122.41916967
7/14/2021,22:0:44.0,37.79212617,-122.41916967
7/14/2021,22:0:45.0,37.79208617,-122.41915883
7/14/2021,22:0:45.0,37.79208617,-122.41915883
7/14/2021,22:0:46.0,37.79203933,-122.41914733
7/14/2021,22:0:46.0,37.79203933,-122.41914733
7/14/2021,22:0:47.0,37.79198950,-122.41913583
7/14/2021,22:0:47.0,37.79198950,-122.41913583
7/14/2021,22:0:48.0,37.79194783,-122.41912700
7/14/2021,22:0:48.0,37.79194783,-122.41912700
7/14/2021,22:0:49.0,37.79189550,-122.41911917
7/14/2021,22:0:49.0,37.79189550,-122.41911917
7/14/2021,22:0:50.0,37.79185150,-122.41911683
7/14/2021,22:0:50.0,37.79185150,-122.41911683
7/14/2021,22:0:51.0,37.79179417,-122.41911767
7/14/2021,22:0:51.0,37.79179417,-122.41911767
7/14/2021,22:0:52.0,37.79173217,-122.41912033
7/14/2021,22:0:52.0,37.79173217,-122.41912033
7/14/2021,22:0:53.0,37.79168600,-122.41911883
7/14/2021,22:0:53.0,37.79168600,-122.41911883
7/14/2021,22:0:53.0,37.79168600,-122.41911883
7/14/2021,22:0:54.0,37.79162550,-122.41911750
7/14/2021,22:0:54.0,37.79162550,-122.41911750
7/14/2021,22:0:55.0,37.79156767,-122.41911717
7/14/2021,22:0:55.0,37.79156767,-122.41911717
7/14/2021,22:0:56.0,37.79151183,-122.41911667
7/14/2021,22:0:56.0,37.79151183,-122.41911667
7/14/2021,22:0:57.0,37.79145767,-122.41911683
7/14/2021,22:0:57.0,37.79145767,-122.41911683
7/14/2021,22:0:58.0,37.79141167,-122.41911900
7/14/2021,22:0:58.0,37.79141167,-122.41911900
7/14/2021,22:0:58.0,37.79141167,-122.41911900
7/14/2021,22:0:59.0,37.79135917,-122.41911917
7/14/2021,22:0:59.0,37.79135917,-122.41911917
7/14/2021,22:1:0.0,37.79130067,-122.41912567
7/14/2021,22:1:0.0,37.79130067,-122.41912567
7/14/2021,22:1:1.0,37.79119550,-122.41914000
7/14/2021,22:1:1.0,37.79119550,-122.41914000
7/14/2021,22:1:2.0,37.79113917,-122.41914433
7/14/2021,22:1:2.0,37.79113917,-122.41914433
7/14/2021,22:1:3.0,37.79105883,-122.41916200
7/14/2021,22:1:3.0,37.79105883,-122.41916200
7/14/2021,22:1:3.0,37.79105883,-122.41916200
7/14/2021,22:1:4.0,37.79100283,-122.41917833
7/14/2021,22:1:4.0,37.79100283,-122.41917833
7/14/2021,22:1:5.0,37.79096917,-122.41919083
7/14/2021,22:1:5.0,37.79096917,-122.41919083
7/14/2021,22:1:6.0,37.79095650,-122.41920300
7/14/2021,22:1:6.0,37.79095650,-122.41920300
7/14/2021,22:1:7.0,37.79094983,-122.41921350
7/14/2021,22:1:7.0,37.79094983,-122.41921350
7/14/2021,22:1:8.0,37.79094617,-122.41920817
7/14/2021,22:1:8.0,37.79094617,-122.41920817
7/14/2021,22:1:8.0,37.79094617,-122.41920817
7/14/2021,22:1:9.0,37.79094550,-122.41920383
7/14/2021,22:1:9.0,37.79094550,-122.41920383
7/14/2021,22:1:10.0,37.79093833,-122.41919650
7/14/2021,22:1:10.0,37.79093833,-122.41919650
7/14/2021,22:1:11.0,37.79093267,-122.41919200
7/14/2021,22:1:11.0,37.79093267,-122.41919200
7/14/2021,22:1:12.0,37.79092750,-122.41918217
7/14/2021,22:1:12.0,37.79092750,-122.41918217
7/14/2021,22:1:13.0,37.79093383,-122.41915817
7/14/2021,22:1:13.0,37.79093383,-122.41915817
7/14/2021,22:1:13.0,37.79093383,-122.41915817
7/14/2021,22:1:14.0,37.79094217,-122.41915267
7/14/2021,22:1:14.0,37.79094217,-122.41915267
7/14/2021,22:1:15.0,37.79095633,-122.41914300
7/14/2021,22:1:15.0,37.79095633,-122.41914300
7/14/2021,22:1:16.0,37.79096183,-122.41913867
7/14/2021,22:1:16.0,37.79096183,-122.41913867
7/14/2021,22:1:17.0,37.79096617,-122.41913467
7/14/2021,22:1:17.0,37.79096617,-122.41913467
7/14/2021,22:1:18.0,37.79097583,-122.41912783
7/14/2021,22:1:18.0,37.79097583,-122.41912783
7/14/2021,22:1:18.0,37.79097583,-122.41912783
7/14/2021,22:1:19.0,37.79097867,-122.41912733
7/14/2021,22:1:19.0,37.79097867,-122.41912733
7/14/2021,22:1:20.0,37.79097917,-122.41912400
7/14/2021,22:1:20.0,37.79097917,-122.41912400
7/14/2021,22:1:21.0,37.79098033,-122.41911867
7/14/2021,22:1:21.0,37.79098033,-122.41911867
7/14/2021,22:1:22.0,37.79098067,-122.41911383
7/14/2021,22:1:22.0,37.79098067,-122.41911383
7/14/2021,22:1:23.0,37.79098000,-122.41910950
7/14/2021,22:1:23.0,37.79098000,-122.41910950
7/14/2021,22:1:23.0,37.79098000,-122.41910950
7/14/2021,22:1:24.0,37.79097883,-122.41910600
7/14/2021,22:1:24.0,37.79097883,-122.41910600
7/14/2021,22:1:25.0,37.79097117,-122.41910233
7/14/2021,22:1:25.0,37.79097117,-122.41910233
7/14/2021,22:1:26.0,37.79096350,-122.41909767
7/14/2021,22:1:26.0,37.79096350,-122.41909767
7/14/2021,22:1:27.0,37.79095717,-122.41909233
7/14/2021,22:1:27.0,37.79095717,-122.41909233
7/14/2021,22:1:28.0,37.79094983,-122.41908483
7/14/2021,22:1:28.0,37.79094983,-122.41908483
7/14/2021,22:1:28.0,37.79094983,-122.41908483
7/14/2021,22:1:29.0,37.79093933,-122.41908000
7/14/2021,22:1:29.0,37.79093933,-122.41908000
7/14/2021,22:1:30.0,37.79092883,-122.41907217
7/14/2021,22:1:30.0,37.79092883,-122.41907217
7/14/2021,22:1:31.0,37.79091733,-122.41907300
7/14/2021,22:1:31.0,37.79091733,-122.41907300
7/14/2021,22:1:32.0,37.79091133,-122.41907633
7/14/2021,22:1:32.0,37.79091133,-122.41907633
7/14/2021,22:1:33.0,37.79089733,-122.41907867
7/14/2021,22:1:33.0,37.79089733,-122.41907867
7/14/2021,22:1:33.0,37.79089733,-122.41907867
7/14/2021,22:1:34.0,37.79089250,-122.41908250
7/14/2021,22:1:34.0,37.79089250,-122.41908250
7/14/2021,22:1:35.0,37.79088233,-122.41907717
7/14/2021,22:1:35.0,37.79088233,-122.41907717
7/14/2021,22:1:36.0,37.79086900,-122.41907267
7/14/2021,22:1:36.0,37.79086900,-122.41907267
7/14/2021,22:1:37.0,37.79086367,-122.41906850
7/14/2021,22:1:37.0,37.79086367,-122.41906850
7/14/2021,22:1:38.0,37.79084867,-122.41906150
7/14/2021,22:1:38.0,37.79084867,-122.41906150
7/14/2021,22:1:38.0,37.79084867,-122.41906150
7/14/2021,22:1:39.0,37.79083733,-122.41906000
7/14/2021,22:1:39.0,37.79083733,-122.41906000
7/14/2021,22:1:40.0,37.79082017,-122.41905683
7/14/2021,22:1:40.0,37.79082017,-122.41905683
7/14/2021,22:1:41.0,37.79081267,-122.41905583
7/14/2021,22:1:41.0,37.79081267,-122.41905583
7/14/2021,22:1:42.0,37.79079783,-122.41905167
7/14/2021,22:1:42.0,37.79079783,-122.41905167
7/14/2021,22:1:43.0,37.79078967,-122.41904933
7/14/2021,22:1:43.0,37.79078967,-122.41904933
7/14/2021,22:1:43.0,37.79078967,-122.41904933
7/14/2021,22:1:44.0,37.79077767,-122.41904867
7/14/2021,22:1:44.0,37.79077767,-122.41904867
7/14/2021,22:1:45.0,37.79077367,-122.41905083
7/14/2021,22:1:45.0,37.79077367,-122.41905083
7/14/2021,22:1:46.0,37.79076567,-122.41904900
7/14/2021,22:1:46.0,37.79076567,-122.41904900
7/14/2021,22:1:47.0,37.79075900,-122.41904283
7/14/2021,22:1:47.0,37.79075900,-122.41904283
7/14/2021,22:1:48.0,37.79074800,-122.41903017
7/14/2021,22:1:48.0,37.79074800,-122.41903017
7/14/2021,22:1:48.0,37.79074800,-122.41903017
7/14/2021,22:1:49.0,37.79073233,-122.41901817
7/14/2021,22:1:49.0,37.79073233,-122.41901817
7/14/2021,22:1:50.0,37.79070950,-122.41901167
7/14/2021,22:1:50.0,37.79070950,-122.41901167
7/14/2021,22:1:51.0,37.79069800,-122.41900667
7/14/2021,22:1:51.0,37.79069800,-122.41900667
7/14/2021,22:1:52.0,37.79068333,-122.41900217
7/14/2021,22:1:52.0,37.79068333,-122.41900217
7/14/2021,22:1:53.0,37.79066483,-122.41900083
7/14/2021,22:1:53.0,37.79066483,-122.41900083
7/14/2021,22:1:54.0,37.79064883,-122.41900267
7/14/2021,22:1:54.0,37.79064883,-122.41900267
7/14/2021,22:1:55.0,37.79063917,-122.41900717
7/14/2021,22:1:55.0,37.79063917,-122.41900717
7/14/2021,22:1:56.0,37.79062817,-122.41901217
7/14/2021,22:1:56.0,37.79062817,-122.41901217
7/14/2021,22:1:57.0,37.79062133,-122.41901933
7/14/2021,22:1:57.0,37.79062133,-122.41901933
7/14/2021,22:1:58.0,37.79061583,-122.41902350
7/14/2021,22:1:58.0,37.79061583,-122.41902350
7/14/2021,22:1:58.0,37.79061583,-122.41902350
7/14/2021,22:1:59.0,37.79060050,-122.41902250
7/14/2021,22:1:59.0,37.79060050,-122.41902250
7/14/2021,22:2:0.0,37.79058583,-122.41902117
7/14/2021,22:2:0.0,37.79058583,-122.41902117
7/14/2021,22:2:1.0,37.79057450,-122.41901900
7/14/2021,22:2:1.0,37.79057450,-122.41901900
7/14/2021,22:2:2.0,37.79056800,-122.41901750
7/14/2021,22:2:2.0,37.79056800,-122.41901750
7/14/2021,22:2:3.0,37.79056350,-122.41901583
7/14/2021,22:2:3.0,37.79056350,-122.41901583
7/14/2021,22:2:3.0,37.79056350,-122.41901583
7/14/2021,22:2:4.0,37.79055433,-122.41901733
7/14/2021,22:2:4.0,37.79055433,-122.41901733
7/14/2021,22:2:5.0,37.79054433,-122.41902200
7/14/2021,22:2:5.0,37.79054433,-122.41902200
7/14/2021,22:2:6.0,37.79053250,-122.41903050
7/14/2021,22:2:6.0,37.79053250,-122.41903050
7/14/2021,22:2:7.0,37.79051833,-122.41904350
7/14/2021,22:2:7.0,37.79051833,-122.41904350
7/14/2021,22:2:8.0,37.79050467,-122.41905767
7/14/2021,22:2:8.0,37.79050467,-122.41905767
7/14/2021,22:2:9.0,37.79050133,-122.41905717
7/14/2021,22:2:9.0,37.79050133,-122.41905717
7/14/2021,22:2:10.0,37.79048450,-122.41906417
7/14/2021,22:2:10.0,37.79048450,-122.41906417
7/14/2021,22:2:11.0,37.79046533,-122.41907183
7/14/2021,22:2:11.0,37.79046533,-122.41907183
7/14/2021,22:2:12.0,37.79044450,-122.41907717
7/14/2021,22:2:12.0,37.79044450,-122.41907717
7/14/2021,22:2:13.0,37.79043633,-122.41907083
7/14/2021,22:2:13.0,37.79043633,-122.41907083
7/14/2021,22:2:14.0,37.79042833,-122.41906200
7/14/2021,22:2:14.0,37.79042833,-122.41906200
7/14/2021,22:2:14.0,37.79042833,-122.41906200
7/14/2021,22:2:15.0,37.79042300,-122.41905250
7/14/2021,22:2:15.0,37.79042300,-122.41905250
7/14/2021,22:2:16.0,37.79042000,-122.41904200
7/14/2021,22:2:16.0,37.79042000,-122.41904200
7/14/2021,22:2:17.0,37.79041983,-122.41902983
7/14/2021,22:2:17.0,37.79041983,-122.41902983
7/14/2021,22:2:18.0,37.79040867,-122.41900467
7/14/2021,22:2:18.0,37.79040867,-122.41900467
7/14/2021,22:2:19.0,37.79040050,-122.41898350
7/14/2021,22:2:19.0,37.79040050,-122.41898350
7/14/2021,22:2:20.0,37.79039100,-122.41896500
7/14/2021,22:2:20.0,37.79039100,-122.41896500
7/14/2021,22:2:21.0,37.79037600,-122.41895233
7/14/2021,22:2:21.0,37.79037600,-122.41895233
7/14/2021,22:2:21.0,37.79037600,-122.41895233
7/14/2021,22:2:22.0,37.79035667,-122.41894383
7/14/2021,22:2:22.0,37.79035667,-122.41894383
7/14/2021,22:2:23.0,37.79033417,-122.41893450
7/14/2021,22:2:23.0,37.79033417,-122.41893450
7/14/2021,22:2:24.0,37.79032450,-122.41894100
7/14/2021,22:2:24.0,37.79032450,-122.41894100
7/14/2021,22:2:24.0,37.79032450,-122.41894100
7/14/2021,22:2:25.0,37.79031333,-122.41895117
7/14/2021,22:2:25.0,37.79031333,-122.41895117
7/14/2021,22:2:25.0,37.79031333,-122.41895117
7/14/2021,22:2:26.0,37.79031333,-122.41895117
7/14/2021,22:2:26.0,37.79031333,-122.41895117
7/14/2021,22:2:27.0,37.79031333,-122.41895117
7/14/2021,22:2:27.0,37.79031333,-122.41895117
7/14/2021,22:2:28.0,37.79031333,-122.41895117
7/14/2021,22:2:28.0,37.79031333,-122.41895117
7/14/2021,22:2:29.0,37.79031333,-122.41895117
7/14/2021,22:2:29.0,37.79031333,-122.41895117
7/14/2021,22:2:30.0,37.79031333,-122.41895117
7/14/2021,22:2:30.0,37.79031333,-122.41895117
7/14/2021,22:2:31.0,37.79031333,-122.41895117
7/14/2021,22:2:31.0,37.79031333,-122.41895117
7/14/2021,22:2:32.0,37.79031333,-122.41895117
7/14/2021,22:2:32.0,37.79031333,-122.41895117
7/14/2021,22:2:33.0,37.78981267,-122.41913750
7/14/2021,22:2:33.0,37.78981267,-122.41913750
7/14/2021,22:2:34.0,37.78981600,-122.41914700
7/14/2021,22:2:34.0,37.78981600,-122.41914700
7/14/2021,22:2:35.0,37.78982967,-122.41907550
7/14/2021,22:2:35.0,37.78982967,-122.41907550
7/14/2021,22:2:36.0,37.78982967,-122.41907550
7/14/2021,22:2:36.0,37.78982967,-122.41907550
7/14/2021,22:2:37.0,37.78985750,-122.41895283
7/14/2021,22:2:37.0,37.78985750,-122.41895283
7/14/2021,22:2:38.0,37.78987267,-122.41889000
7/14/2021,22:2:38.0,37.78987267,-122.41889000
7/14/2021,22:2:39.0,37.78986400,-122.41887333
7/14/2021,22:2:39.0,37.78986400,-122.41887333
7/14/2021,22:2:40.0,37.78985667,-122.41885900
7/14/2021,22:2:40.0,37.78985667,-122.41885900
7/14/2021,22:2:41.0,37.78985133,-122.41885417
7/14/2021,22:2:41.0,37.78985133,-122.41885417
7/14/2021,22:2:42.0,37.78983983,-122.41885283
7/14/2021,22:2:42.0,37.78983983,-122.41885283
7/14/2021,22:2:43.0,37.78982967,-122.41883717
7/14/2021,22:2:43.0,37.78982967,-122.41883717
7/14/2021,22:2:44.0,37.78982300,-122.41882133
7/14/2021,22:2:44.0,37.78982300,-122.41882133
7/14/2021,22:2:45.0,37.78981833,-122.41880950
7/14/2021,22:2:45.0,37.78981833,-122.41880950
7/14/2021,22:2:46.0,37.78981883,-122.41880000
7/14/2021,22:2:46.0,37.78981883,-122.41880000
7/14/2021,22:2:47.0,37.78982467,-122.41879167
7/14/2021,22:2:47.0,37.78982467,-122.41879167
7/14/2021,22:2:48.0,37.78983217,-122.41877967
7/14/2021,22:2:48.0,37.78983217,-122.41877967
7/14/2021,22:2:49.0,37.78984383,-122.41877200
7/14/2021,22:2:49.0,37.78984383,-122.41877200
7/14/2021,22:2:50.0,37.78986233,-122.41877417
7/14/2021,22:2:50.0,37.78986233,-122.41877417
7/14/2021,22:2:50.0,37.78986233,-122.41877417
7/14/2021,22:2:51.0,37.78987467,-122.41878383
7/14/2021,22:2:51.0,37.78987467,-122.41878383
7/14/2021,22:2:52.0,37.78983850,-122.41890250
7/14/2021,22:2:52.0,37.78983850,-122.41890250
7/14/2021,22:2:53.0,37.78985383,-122.41891933
7/14/2021,22:2:53.0,37.78985383,-122.41891933
7/14/2021,22:2:54.0,37.78987483,-122.41893000
7/14/2021,22:2:54.0,37.78987483,-122.41893000
7/14/2021,22:2:55.0,37.78989367,-122.41893617
7/14/2021,22:2:55.0,37.78989367,-122.41893617
7/14/2021,22:2:55.0,37.78989367,-122.41893617
7/14/2021,22:2:56.0,37.78990133,-122.41893800
7/14/2021,22:2:56.0,37.78990133,-122.41893800
7/14/2021,22:2:57.0,37.78990600,-122.41893917
7/14/2021,22:2:57.0,37.78990600,-122.41893917
7/14/2021,22:2:58.0,37.78991100,-122.41894017
7/14/2021,22:2:58.0,37.78991100,-122.41894017
7/14/2021,22:2:59.0,37.78991583,-122.41894233
7/14/2021,22:2:59.0,37.78991583,-122.41894233
7/14/2021,22:3:0.0,37.78992300,-122.41894700
7/14/2021,22:3:0.0,37.78992300,-122.41894700
7/14/2021,22:3:0.0,37.78992300,-122.41894700
7/14/2021,22:3:1.0,37.78993150,-122.41894900
7/14/2021,22:3:1.0,37.78993150,-122.41894900
7/14/2021,22:3:2.0,37.78994067,-122.41894700
7/14/2021,22:3:2.0,37.78994067,-122.41894700
7/14/2021,22:3:3.0,37.78994917,-122.41894150
7/14/2021,22:3:3.0,37.78994917,-122.41894150
7/14/2021,22:3:4.0,37.78995533,-122.41893833
7/14/2021,22:3:4.0,37.78995533,-122.41893833
7/14/2021,22:3:5.0,37.78996267,-122.41893450
7/14/2021,22:3:5.0,37.78996267,-122.41893450
7/14/2021,22:3:5.0,37.78996267,-122.41893450
7/14/2021,22:3:6.0,37.78997250,-122.41892983
7/14/2021,22:3:6.0,37.78997250,-122.41892983
7/14/2021,22:3:7.0,37.78998450,-122.41892400
7/14/2021,22:3:7.0,37.78998450,-122.41892400
7/14/2021,22:3:8.0,37.78999433,-122.41891950
7/14/2021,22:3:8.0,37.78999433,-122.41891950
7/14/2021,22:3:9.0,37.79000217,-122.41891483
7/14/2021,22:3:9.0,37.79000217,-122.41891483
7/14/2021,22:3:10.0,37.79001333,-122.41891367
7/14/2021,22:3:10.0,37.79001333,-122.41891367
7/14/2021,22:3:11.0,37.79003117,-122.41890950
7/14/2021,22:3:11.0,37.79003117,-122.41890950
7/14/2021,22:3:12.0,37.79004583,-122.41890833
7/14/2021,22:3:12.0,37.79004583,-122.41890833
7/14/2021,22:3:13.0,37.79006633,-122.41890267
7/14/2021,22:3:13.0,37.79006633,-122.41890267
7/14/2021,22:3:14.0,37.79007800,-122.41890000
7/14/2021,22:3:14.0,37.79007800,-122.41890000
7/14/2021,22:3:15.0,37.79008867,-122.41889600
7/14/2021,22:3:15.0,37.79008867,-122.41889600
7/14/2021,22:3:16.0,37.79010067,-122.41889367
7/14/2021,22:3:16.0,37.79010067,-122.41889367
7/14/2021,22:3:17.0,37.79011417,-122.41889250
7/14/2021,22:3:17.0,37.79011417,-122.41889250
7/14/2021,22:3:18.0,37.79012883,-122.41889167
7/14/2021,22:3:18.0,37.79012883,-122.41889167
7/14/2021,22:3:19.0,37.79013800,-122.41889033
7/14/2021,22:3:19.0,37.79013800,-122.41889033
7/14/2021,22:3:20.0,37.79013833,-122.41888700
7/14/2021,22:3:20.0,37.79013833,-122.41888700
7/14/2021,22:3:21.0,37.79013883,-122.41888383
7/14/2021,22:3:21.0,37.79013883,-122.41888383
7/14/2021,22:3:22.0,37.79013950,-122.41888100
7/14/2021,22:3:22.0,37.79013950,-122.41888100
7/14/2021,22:3:23.0,37.79014267,-122.41888400
7/14/2021,22:3:23.0,37.79014267,-122.41888400
7/14/2021,22:3:24.0,37.79014367,-122.41888117
7/14/2021,22:3:24.0,37.79014367,-122.41888117
7/14/2021,22:3:25.0,37.79014417,-122.41887800
7/14/2021,22:3:25.0,37.79014417,-122.41887800
7/14/2021,22:3:26.0,37.79014533,-122.41887583
7/14/2021,22:3:26.0,37.79014533,-122.41887583
7/14/2021,22:3:27.0,37.79014600,-122.41887383
7/14/2021,22:3:27.0,37.79014600,-122.41887383
7/14/2021,22:3:28.0,37.79014683,-122.41887233
7/14/2021,22:3:28.0,37.79014683,-122.41887233
7/14/2021,22:3:29.0,37.79014800,-122.41887100
7/14/2021,22:3:29.0,37.79014800,-122.41887100
7/14/2021,22:3:30.0,37.79014900,-122.41886967
7/14/2021,22:3:30.0,37.79014900,-122.41886967
7/14/2021,22:3:31.0,37.79015600,-122.41886250
7/14/2021,22:3:31.0,37.79015600,-122.41886250
7/14/2021,22:3:32.0,37.79016167,-122.41885950
7/14/2021,22:3:32.0,37.79016167,-122.41885950
7/14/2021,22:3:33.0,37.79017083,-122.41886550
7/14/2021,22:3:33.0,37.79017083,-122.41886550
7/14/2021,22:3:34.0,37.79017900,-122.41887667
7/14/2021,22:3:34.0,37.79017900,-122.41887667
7/14/2021,22:3:35.0,37.79018883,-122.41888817
7/14/2021,22:3:35.0,37.79018883,-122.41888817
7/14/2021,22:3:36.0,37.79019850,-122.41889950
7/14/2021,22:3:36.0,37.79019850,-122.41889950
7/14/2021,22:3:37.0,37.79020900,-122.41891150
7/14/2021,22:3:37.0,37.79020900,-122.41891150
7/14/2021,22:3:37.0,37.79020900,-122.41891150
7/14/2021,22:3:38.0,37.79022000,-122.41892217
7/14/2021,22:3:38.0,37.79022000,-122.41892217
7/14/2021,22:3:39.0,37.79023383,-122.41893133
7/14/2021,22:3:39.0,37.79023383,-122.41893133
7/14/2021,22:3:40.0,37.79024583,-122.41893767
7/14/2021,22:3:40.0,37.79024583,-122.41893767
7/14/2021,22:3:41.0,37.79025500,-122.41894133
7/14/2021,22:3:41.0,37.79025500,-122.41894133
7/14/2021,22:3:42.0,37.79026583,-122.41894350
7/14/2021,22:3:42.0,37.79026583,-122.41894350
7/14/2021,22:3:42.0,37.79026583,-122.41894350
7/14/2021,22:3:43.0,37.79027433,-122.41894533
7/14/2021,22:3:43.0,37.79027433,-122.41894533
7/14/2021,22:3:44.0,37.79028250,-122.41894867
7/14/2021,22:3:44.0,37.79028250,-122.41894867
7/14/2021,22:3:45.0,37.79029617,-122.41895200
7/14/2021,22:3:45.0,37.79029617,-122.41895200
7/14/2021,22:3:46.0,37.79031167,-122.41895617
7/14/2021,22:3:46.0,37.79031167,-122.41895617
7/14/2021,22:3:47.0,37.79032550,-122.41896033
7/14/2021,22:3:47.0,37.79032550,-122.41896033
7/14/2021,22:3:47.0,37.79032550,-122.41896033
7/14/2021,22:3:48.0,37.79033533,-122.41896367
7/14/2021,22:3:48.0,37.79033533,-122.41896367
7/14/2021,22:3:49.0,37.79034650,-122.41896850
7/14/2021,22:3:49.0,37.79034650,-122.41896850
7/14/2021,22:3:50.0,37.79036133,-122.41897500
7/14/2021,22:3:50.0,37.79036133,-122.41897500
7/14/2021,22:3:51.0,37.79037667,-122.41897950
7/14/2021,22:3:51.0,37.79037667,-122.41897950
7/14/2021,22:3:52.0,37.79039317,-122.41898383
7/14/2021,22:3:52.0,37.79039317,-122.41898383
7/14/2021,22:3:52.0,37.79039317,-122.41898383
7/14/2021,22:3:53.0,37.79040900,-122.41898717
7/14/2021,22:3:53.0,37.79040900,-122.41898717
7/14/2021,22:3:54.0,37.79041817,-122.41898483
7/14/2021,22:3:54.0,37.79041817,-122.41898483
7/14/2021,22:3:55.0,37.79042717,-122.41897883
7/14/2021,22:3:55.0,37.79042717,-122.41897883
7/14/2021,22:3:56.0,37.79043717,-122.41897133
7/14/2021,22:3:56.0,37.79043717,-122.41897133
7/14/2021,22:3:57.0,37.79045017,-122.41896317
7/14/2021,22:3:57.0,37.79045017,-122.41896317
7/14/2021,22:3:57.0,37.79045017,-122.41896317
7/14/2021,22:3:58.0,37.79046633,-122.41895367
7/14/2021,22:3:58.0,37.79046633,-122.41895367
7/14/2021,22:3:59.0,37.79048100,-122.41894100
7/14/2021,22:3:59.0,37.79048100,-122.41894100
7/14/2021,22:4:0.0,37.79049517,-122.41892950
7/14/2021,22:4:0.0,37.79049517,-122.41892950
7/14/2021,22:4:1.0,37.79051000,-122.41891817
7/14/2021,22:4:1.0,37.79051000,-122.41891817
7/14/2021,22:4:2.0,37.79052467,-122.41890467
7/14/2021,22:4:2.0,37.79052467,-122.41890467
7/14/2021,22:4:2.0,37.79052467,-122.41890467
7/14/2021,22:4:3.0,37.79053833,-122.41889000
7/14/2021,22:4:3.0,37.79053833,-122.41889000
7/14/2021,22:4:4.0,37.79055283,-122.41887667
7/14/2021,22:4:4.0,37.79055283,-122.41887667
7/14/2021,22:4:5.0,37.79056633,-122.41886267
7/14/2021,22:4:5.0,37.79056633,-122.41886267
7/14/2021,22:4:6.0,37.79057717,-122.41885150
7/14/2021,22:4:6.0,37.79057717,-122.41885150
7/14/2021,22:4:7.0,37.79058550,-122.41884333
7/14/2021,22:4:7.0,37.79058550,-122.41884333
7/14/2021,22:4:7.0,37.79058550,-122.41884333
7/14/2021,22:4:8.0,37.79059400,-122.41883933
7/14/2021,22:4:8.0,37.79059400,-122.41883933
7/14/2021,22:4:9.0,37.79060350,-122.41884150
7/14/2021,22:4:9.0,37.79060350,-122.41884150
7/14/2021,22:4:10.0,37.79061150,-122.41884600
7/14/2021,22:4:10.0,37.79061150,-122.41884600
7/14/2021,22:4:11.0,37.79061583,-122.41885250
7/14/2021,22:4:11.0,37.79061583,-122.41885250
7/14/2021,22:4:12.0,37.79062000,-122.41885883
7/14/2021,22:4:12.0,37.79062000,-122.41885883
7/14/2021,22:4:12.0,37.79062000,-122.41885883
7/14/2021,22:4:13.0,37.79062650,-122.41886867
7/14/2021,22:4:13.0,37.79062650,-122.41886867
7/14/2021,22:4:14.0,37.79063250,-122.41887750
7/14/2021,22:4:14.0,37.79063250,-122.41887750
7/14/2021,22:4:15.0,37.79063933,-122.41888817
7/14/2021,22:4:15.0,37.79063933,-122.41888817
7/14/2021,22:4:16.0,37.79064867,-122.41890233
7/14/2021,22:4:16.0,37.79064867,-122.41890233
7/14/2021,22:4:17.0,37.79065717,-122.41891450
7/14/2021,22:4:17.0,37.79065717,-122.41891450
7/14/2021,22:4:17.0,37.79065717,-122.41891450
7/14/2021,22:4:18.0,37.79066683,-122.41892467
7/14/2021,22:4:18.0,37.79066683,-122.41892467
7/14/2021,22:4:19.0,37.79067717,-122.41893450
7/14/2021,22:4:19.0,37.79067717,-122.41893450
7/14/2021,22:4:20.0,37.79068750,-122.41894283
7/14/2021,22:4:20.0,37.79068750,-122.41894283
7/14/2021,22:4:21.0,37.79069567,-122.41894950
7/14/2021,22:4:21.0,37.79069567,-122.41894950
7/14/2021,22:4:22.0,37.79070683,-122.41895683
7/14/2021,22:4:22.0,37.79070683,-122.41895683
7/14/2021,22:4:22.0,37.79070683,-122.41895683
7/14/2021,22:4:23.0,37.79071600,-122.41896600
7/14/2021,22:4:23.0,37.79071600,-122.41896600
7/14/2021,22:4:24.0,37.79072617,-122.41897583
7/14/2021,22:4:24.0,37.79072617,-122.41897583
7/14/2021,22:4:25.0,37.79073800,-122.41898683
7/14/2021,22:4:25.0,37.79073800,-122.41898683
7/14/2021,22:4:26.0,37.79075133,-122.41899983
7/14/2021,22:4:26.0,37.79075133,-122.41899983
7/14/2021,22:4:27.0,37.79076483,-122.41901200
7/14/2021,22:4:27.0,37.79076483,-122.41901200
7/14/2021,22:4:27.0,37.79076483,-122.41901200
7/14/2021,22:4:28.0,37.79077833,-122.41902250
7/14/2021,22:4:28.0,37.79077833,-122.41902250
7/14/2021,22:4:29.0,37.79079250,-122.41903250
7/14/2021,22:4:29.0,37.79079250,-122.41903250
7/14/2021,22:4:30.0,37.79080600,-122.41904250
7/14/2021,22:4:30.0,37.79080600,-122.41904250
7/14/2021,22:4:31.0,37.79081917,-122.41905150
7/14/2021,22:4:31.0,37.79081917,-122.41905150
7/14/2021,22:4:32.0,37.79083717,-122.41906083
7/14/2021,22:4:32.0,37.79083717,-122.41906083
7/14/2021,22:4:32.0,37.79083717,-122.41906083
7/14/2021,22:4:33.0,37.79085383,-122.41906917
7/14/2021,22:4:33.0,37.79085383,-122.41906917
7/14/2021,22:4:34.0,37.79086850,-122.41907700
7/14/2021,22:4:34.0,37.79086850,-122.41907700
7/14/2021,22:4:35.0,37.79088283,-122.41908217
7/14/2021,22:4:35.0,37.79088283,-122.41908217
7/14/2021,22:4:36.0,37.79089817,-122.41908667
7/14/2021,22:4:36.0,37.79089817,-122.41908667
7/14/2021,22:4:37.0,37.79091467,-122.41909100
7/14/2021,22:4:37.0,37.79091467,-122.41909100
7/14/2021,22:4:38.0,37.79093350,-122.41909450
7/14/2021,22:4:38.0,37.79093350,-122.41909450
7/14/2021,22:4:39.0,37.79095650,-122.41910000
7/14/2021,22:4:39.0,37.79095650,-122.41910000
7/14/2021,22:4:40.0,37.79097467,-122.41910250
7/14/2021,22:4:40.0,37.79097467,-122.41910250
7/14/2021,22:4:41.0,37.79098783,-122.41910400
7/14/2021,22:4:41.0,37.79098783,-122.41910400
7/14/2021,22:4:42.0,37.79099767,-122.41910550
7/14/2021,22:4:42.0,37.79099767,-122.41910550
7/14/2021,22:4:42.0,37.79099767,-122.41910550
7/14/2021,22:4:43.0,37.79100650,-122.41910750
7/14/2021,22:4:43.0,37.79100650,-122.41910750
7/14/2021,22:4:44.0,37.79101517,-122.41911117
7/14/2021,22:4:44.0,37.79101517,-122.41911117
7/14/2021,22:4:45.0,37.79102567,-122.41911350
7/14/2021,22:4:45.0,37.79102567,-122.41911350
7/14/2021,22:4:46.0,37.79103717,-122.41911433
7/14/2021,22:4:46.0,37.79103717,-122.41911433
7/14/2021,22:4:47.0,37.79104733,-122.41911367
7/14/2021,22:4:47.0,37.79104733,-122.41911367
7/14/2021,22:4:47.0,37.79104733,-122.41911367
7/14/2021,22:4:48.0,37.79105883,-122.41911383
7/14/2021,22:4:48.0,37.79105883,-122.41911383
7/14/2021,22:4:49.0,37.79107167,-122.41911417
7/14/2021,22:4:49.0,37.79107167,-122.41911417
7/14/2021,22:4:50.0,37.79108333,-122.41911233
7/14/2021,22:4:50.0,37.79108333,-122.41911233
7/14/2021,22:4:51.0,37.79109467,-122.41910450
7/14/2021,22:4:51.0,37.79109467,-122.41910450
7/14/2021,22:4:52.0,37.79109700,-122.41910550
7/14/2021,22:4:52.0,37.79109700,-122.41910550
7/14/2021,22:4:52.0,37.79109700,-122.41910550
7/14/2021,22:4:53.0,37.79109917,-122.41910617
7/14/2021,22:4:53.0,37.79109917,-122.41910617
7/14/2021,22:4:54.0,37.79110150,-122.41910700
7/14/2021,22:4:54.0,37.79110150,-122.41910700
7/14/2021,22:4:55.0,37.79110200,-122.41909417
7/14/2021,22:4:55.0,37.79110200,-122.41909417
7/14/2021,22:4:56.0,37.79110200,-122.41907933
7/14/2021,22:4:56.0,37.79110200,-122.41907933
7/14/2021,22:4:57.0,37.79110350,-122.41906750
7/14/2021,22:4:57.0,37.79110350,-122.41906750
7/14/2021,22:4:57.0,37.79110350,-122.41906750
7/14/2021,22:4:58.0,37.79110700,-122.41905700
7/14/2021,22:4:58.0,37.79110700,-122.41905700
7/14/2021,22:4:59.0,37.79111317,-122.41904750
7/14/2021,22:4:59.0,37.79111317,-122.41904750
7/14/2021,22:5:0.0,37.79111983,-122.41904283
7/14/2021,22:5:0.0,37.79111983,-122.41904283
7/14/2021,22:5:1.0,37.79112883,-122.41904367
7/14/2021,22:5:1.0,37.79112883,-122.41904367
7/14/2021,22:5:2.0,37.79114017,-122.41904700
7/14/2021,22:5:2.0,37.79114017,-122.41904700
7/14/2021,22:5:2.0,37.79114017,-122.41904700
7/14/2021,22:5:3.0,37.79115033,-122.41905317
7/14/2021,22:5:3.0,37.79115033,-122.41905317
7/14/2021,22:5:4.0,37.79116283,-122.41906017
7/14/2021,22:5:4.0,37.79116283,-122.41906017
7/14/2021,22:5:5.0,37.79117017,-122.41906450
7/14/2021,22:5:5.0,37.79117017,-122.41906450
7/14/2021,22:5:6.0,37.79117600,-122.41907050
7/14/2021,22:5:6.0,37.79117600,-122.41907050
7/14/2021,22:5:7.0,37.79118733,-122.41908050
7/14/2021,22:5:7.0,37.79118733,-122.41908050
7/14/2021,22:5:7.0,37.79118733,-122.41908050
7/14/2021,22:5:8.0,37.79120067,-122.41908533
7/14/2021,22:5:8.0,37.79120067,-122.41908533
7/14/2021,22:5:9.0,37.79121617,-122.41909083
7/14/2021,22:5:9.0,37.79121617,-122.41909083
7/14/2021,22:5:10.0,37.79123417,-122.41909650
7/14/2021,22:5:10.0,37.79123417,-122.41909650
7/14/2021,22:5:11.0,37.79125200,-122.41910300
7/14/2021,22:5:11.0,37.79125200,-122.41910300
7/14/2021,22:5:12.0,37.79126983,-122.41911383
7/14/2021,22:5:12.0,37.79126983,-122.41911383
7/14/2021,22:5:12.0,37.79126983,-122.41911383
7/14/2021,22:5:13.0,37.79128783,-122.41912633
7/14/2021,22:5:13.0,37.79128783,-122.41912633
7/14/2021,22:5:14.0,37.79130750,-122.41914067
7/14/2021,22:5:14.0,37.79130750,-122.41914067
7/14/2021,22:5:15.0,37.79132717,-122.41915817
7/14/2021,22:5:15.0,37.79132717,-122.41915817
7/14/2021,22:5:16.0,37.79134233,-122.41917667
7/14/2021,22:5:16.0,37.79134233,-122.41917667
7/14/2021,22:5:17.0,37.79135083,-122.41919400
7/14/2021,22:5:17.0,37.79135083,-122.41919400
7/14/2021,22:5:17.0,37.79135083,-122.41919400
7/14/2021,22:5:18.0,37.79136100,-122.41920850
7/14/2021,22:5:18.0,37.79136100,-122.41920850
7/14/2021,22:5:19.0,37.79137233,-122.41922267
7/14/2021,22:5:19.0,37.79137233,-122.41922267
7/14/2021,22:5:20.0,37.79138800,-122.41923583
7/14/2021,22:5:20.0,37.79138800,-122.41923583
7/14/2021,22:5:21.0,37.79140783,-122.41926067
7/14/2021,22:5:21.0,37.79140783,-122.41926067
7/14/2021,22:5:22.0,37.79142483,-122.41927283
7/14/2021,22:5:22.0,37.79142483,-122.41927283
7/14/2021,22:5:23.0,37.79143683,-122.41927317
7/14/2021,22:5:23.0,37.79143683,-122.41927317
7/14/2021,22:5:24.0,37.79143883,-122.41926950
7/14/2021,22:5:24.0,37.79143883,-122.41926950
7/14/2021,22:5:25.0,37.79144067,-122.41926533
7/14/2021,22:5:25.0,37.79144067,-122.41926533
7/14/2021,22:5:26.0,37.79144550,-122.41927633
7/14/2021,22:5:26.0,37.79144550,-122.41927633
7/14/2021,22:5:27.0,37.79144583,-122.41928683
7/14/2021,22:5:27.0,37.79144583,-122.41928683
7/14/2021,22:5:28.0,37.79144667,-122.41930500
7/14/2021,22:5:28.0,37.79144667,-122.41930500
7/14/2021,22:5:29.0,37.79144767,-122.41932283
7/14/2021,22:5:29.0,37.79144767,-122.41932283
7/14/2021,22:5:30.0,37.79144117,-122.41934133
7/14/2021,22:5:30.0,37.79144117,-122.41934133
7/14/2021,22:5:31.0,37.79143550,-122.41935833
7/14/2021,22:5:31.0,37.79143550,-122.41935833
7/14/2021,22:5:32.0,37.79143267,-122.41936933
7/14/2021,22:5:32.0,37.79143267,-122.41936933
7/14/2021,22:5:33.0,37.79143283,-122.41937267
7/14/2021,22:5:33.0,37.79143283,-122.41937267
7/14/2021,22:5:34.0,37.79143233,-122.41937867
7/14/2021,22:5:34.0,37.79143233,-122.41937867
7/14/2021,22:5:35.0,37.79143300,-122.41938067
7/14/2021,22:5:35.0,37.79143300,-122.41938067
7/14/2021,22:5:36.0,37.79144117,-122.41937633
7/14/2021,22:5:36.0,37.79144117,-122.41937633
7/14/2021,22:5:37.0,37.79144750,-122.41936700
7/14/2021,22:5:37.0,37.79144750,-122.41936700
7/14/2021,22:5:38.0,37.79145633,-122.41936317
7/14/2021,22:5:38.0,37.79145633,-122.41936317
7/14/2021,22:5:39.0,37.79146500,-122.41935967
7/14/2021,22:5:39.0,37.79146500,-122.41935967
7/14/2021,22:5:40.0,37.79147767,-122.41935567
7/14/2021,22:5:40.0,37.79147767,-122.41935567
7/14/2021,22:5:41.0,37.79148883,-122.41934500
7/14/2021,22:5:41.0,37.79148883,-122.41934500
7/14/2021,22:5:42.0,37.79150100,-122.41933500
7/14/2021,22:5:42.0,37.79150100,-122.41933500
7/14/2021,22:5:43.0,37.79151250,-122.41932483
7/14/2021,22:5:43.0,37.79151250,-122.41932483
7/14/2021,22:5:44.0,37.79152267,-122.41931467
7/14/2021,22:5:44.0,37.79152267,-122.41931467
7/14/2021,22:5:45.0,37.79153083,-122.41930433
7/14/2021,22:5:45.0,37.79153083,-122.41930433
7/14/2021,22:5:46.0,37.79153583,-122.41930017
7/14/2021,22:5:46.0,37.79153583,-122.41930017
7/14/2021,22:5:47.0,37.79154017,-122.41928833
7/14/2021,22:5:47.0,37.79154017,-122.41928833
7/14/2021,22:5:47.0,37.79154017,-122.41928833
7/14/2021,22:5:48.0,37.79154517,-122.41927600
7/14/2021,22:5:48.0,37.79154517,-122.41927600
7/14/2021,22:5:49.0,37.79154933,-122.41926133
7/14/2021,22:5:49.0,37.79154933,-122.41926133
7/14/2021,22:5:50.0,37.79155433,-122.41924367
7/14/2021,22:5:50.0,37.79155433,-122.41924367
7/14/2021,22:5:51.0,37.79156000,-122.41922383
7/14/2021,22:5:51.0,37.79156000,-122.41922383
7/14/2021,22:5:52.0,37.79157083,-122.41921383
7/14/2021,22:5:52.0,37.79157083,-122.41921383
7/14/2021,22:5:53.0,37.79157633,-122.41920333
7/14/2021,22:5:53.0,37.79157633,-122.41920333
7/14/2021,22:5:54.0,37.79157967,-122.41918867
7/14/2021,22:5:54.0,37.79157967,-122.41918867
7/14/2021,22:5:55.0,37.79158617,-122.41917233
7/14/2021,22:5:55.0,37.79158617,-122.41917233
7/14/2021,22:5:56.0,37.79159600,-122.41915817
7/14/2021,22:5:56.0,37.79159600,-122.41915817
7/14/2021,22:5:57.0,37.79160967,-122.41914417
7/14/2021,22:5:57.0,37.79160967,-122.41914417
7/14/2021,22:5:58.0,37.79162433,-122.41913150
7/14/2021,22:5:58.0,37.79162433,-122.41913150
7/14/2021,22:5:59.0,37.79163733,-122.41911817
7/14/2021,22:5:59.0,37.79163733,-122.41911817
7/14/2021,22:6:0.0,37.79164183,-122.41911833
7/14/2021,22:6:0.0,37.79164183,-122.41911833
7/14/2021,22:6:1.0,37.79164650,-122.41911867
7/14/2021,22:6:1.0,37.79164650,-122.41911867
7/14/2021,22:6:2.0,37.79165233,-122.41912283
7/14/2021,22:6:2.0,37.79165233,-122.41912283
7/14/2021,22:6:3.0,37.79167017,-122.41912233
7/14/2021,22:6:3.0,37.79167017,-122.41912233
7/14/2021,22:6:4.0,37.79168650,-122.41912017
7/14/2021,22:6:4.0,37.79168650,-122.41912017
7/14/2021,22:6:5.0,37.79169783,-122.41911967
7/14/2021,22:6:5.0,37.79169783,-122.41911967
7/14/2021,22:6:6.0,37.79170500,-122.41911667
7/14/2021,22:6:6.0,37.79170500,-122.41911667
7/14/2021,22:6:7.0,37.79171383,-122.41911033
7/14/2021,22:6:7.0,37.79171383,-122.41911033
7/14/2021,22:6:8.0,37.79172500,-122.41910750
7/14/2021,22:6:8.0,37.79172500,-122.41910750
7/14/2021,22:6:9.0,37.79173967,-122.41910767
7/14/2021,22:6:9.0,37.79173967,-122.41910767
7/14/2021,22:6:10.0,37.79175250,-122.41911133
7/14/2021,22:6:10.0,37.79175250,-122.41911133
7/14/2021,22:6:11.0,37.79176067,-122.41911567
7/14/2021,22:6:11.0,37.79176067,-122.41911567
7/14/2021,22:6:12.0,37.79177200,-122.41912050
7/14/2021,22:6:12.0,37.79177200,-122.41912050
7/14/2021,22:6:13.0,37.79178683,-122.41912450
7/14/2021,22:6:13.0,37.79178683,-122.41912450
7/14/2021,22:6:14.0,37.79180400,-122.41912650
7/14/2021,22:6:14.0,37.79180400,-122.41912650
7/14/2021,22:6:15.0,37.79181800,-122.41913417
7/14/2021,22:6:15.0,37.79181800,-122.41913417
7/14/2021,22:6:16.0,37.79182783,-122.41914000
7/14/2021,22:6:16.0,37.79182783,-122.41914000
7/14/2021,22:6:16.0,37.79182783,-122.41914000
7/14/2021,22:6:17.0,37.79183617,-122.41914433
7/14/2021,22:6:17.0,37.79183617,-122.41914433
7/14/2021,22:6:18.0,37.79184833,-122.41915250
7/14/2021,22:6:18.0,37.79184833,-122.41915250
7/14/2021,22:6:19.0,37.79186267,-122.41916667
7/14/2021,22:6:19.0,37.79186267,-122.41916667
7/14/2021,22:6:20.0,37.79187717,-122.41918550
7/14/2021,22:6:20.0,37.79187717,-122.41918550
7/14/2021,22:6:21.0,37.79188517,-122.41919783
7/14/2021,22:6:21.0,37.79188517,-122.41919783
7/14/2021,22:6:21.0,37.79188517,-122.41919783
7/14/2021,22:6:22.0,37.79189150,-122.41920450
7/14/2021,22:6:22.0,37.79189150,-122.41920450
7/14/2021,22:6:23.0,37.79189667,-122.41920300
7/14/2021,22:6:23.0,37.79189667,-122.41920300
7/14/2021,22:6:24.0,37.79189950,-122.41919983
7/14/2021,22:6:24.0,37.79189950,-122.41919983
7/14/2021,22:6:25.0,37.79190250,-122.41919450
7/14/2021,22:6:25.0,37.79190250,-122.41919450
7/14/2021,22:6:26.0,37.79190350,-122.41918817
7/14/2021,22:6:26.0,37.79190350,-122.41918817
7/14/2021,22:6:26.0,37.79190350,-122.41918817
7/14/2021,22:6:27.0,37.79191633,-122.41919583
7/14/2021,22:6:27.0,37.79191633,-122.41919583
7/14/2021,22:6:28.0,37.79193850,-122.41921117
7/14/2021,22:6:28.0,37.79193850,-122.41921117
7/14/2021,22:6:29.0,37.79196217,-122.41922783
7/14/2021,22:6:29.0,37.79196217,-122.41922783
7/14/2021,22:6:30.0,37.79198117,-122.41924000
7/14/2021,22:6:30.0,37.79198117,-122.41924000
7/14/2021,22:6:31.0,37.79200233,-122.41925367
7/14/2021,22:6:31.0,37.79200233,-122.41925367
7/14/2021,22:6:31.0,37.79200233,-122.41925367
7/14/2021,22:6:32.0,37.79202250,-122.41926800
7/14/2021,22:6:32.0,37.79202250,-122.41926800
7/14/2021,22:6:33.0,37.79203633,-122.41927950
7/14/2021,22:6:33.0,37.79203633,-122.41927950
7/14/2021,22:6:34.0,37.79203533,-122.41928400
7/14/2021,22:6:34.0,37.79203533,-122.41928400
7/14/2021,22:6:35.0,37.79203200,-122.41928667
7/14/2021,22:6:35.0,37.79203200,-122.41928667
7/14/2021,22:6:36.0,37.79202567,-122.41929067
7/14/2021,22:6:36.0,37.79202567,-122.41929067
7/14/2021,22:6:36.0,37.79202567,-122.41929067
7/14/2021,22:6:37.0,37.79201483,-122.41929833
7/14/2021,22:6:37.0,37.79201483,-122.41929833
7/14/2021,22:6:38.0,37.79200200,-122.41930350
7/14/2021,22:6:38.0,37.79200200,-122.41930350
7/14/2021,22:6:39.0,37.79200117,-122.41930967
7/14/2021,22:6:39.0,37.79200117,-122.41930967
7/14/2021,22:6:40.0,37.79200983,-122.41931400
7/14/2021,22:6:40.0,37.79200983,-122.41931400
7/14/2021,22:6:41.0,37.79201867,-122.41931967
7/14/2021,22:6:41.0,37.79201867,-122.41931967
7/14/2021,22:6:41.0,37.79201867,-122.41931967
7/14/2021,22:6:42.0,37.79202517,-122.41932583
7/14/2021,22:6:42.0,37.79202517,-122.41932583
7/14/2021,22:6:43.0,37.79203233,-122.41933017
7/14/2021,22:6:43.0,37.79203233,-122.41933017
7/14/2021,22:6:44.0,37.79203883,-122.41933533
7/14/2021,22:6:44.0,37.79203883,-122.41933533
7/14/2021,22:6:45.0,37.79204617,-122.41933667
7/14/2021,22:6:45.0,37.79204617,-122.41933667
7/14/2021,22:6:46.0,37.79205750,-122.41933300
7/14/2021,22:6:46.0,37.79205750,-122.41933300
7/14/2021,22:6:46.0,37.79205750,-122.41933300
7/14/2021,22:6:47.0,37.79206583,-122.41933567
7/14/2021,22:6:47.0,37.79206583,-122.41933567
7/14/2021,22:6:48.0,37.79207467,-122.41933833
7/14/2021,22:6:48.0,37.79207467,-122.41933833
7/14/2021,22:6:49.0,37.79208483,-122.41933900
7/14/2021,22:6:49.0,37.79208483,-122.41933900
7/14/2021,22:6:50.0,37.79209450,-122.41933883
7/14/2021,22:6:50.0,37.79209450,-122.41933883
7/14/2021,22:6:51.0,37.79209783,-122.41934183
7/14/2021,22:6:51.0,37.79209783,-122.41934183
7/14/2021,22:6:51.0,37.79209783,-122.41934183
7/14/2021,22:6:52.0,37.79209733,-122.41934683
7/14/2021,22:6:52.0,37.79209733,-122.41934683
7/14/2021,22:6:53.0,37.79209783,-122.41935250
7/14/2021,22:6:53.0,37.79209783,-122.41935250
7/14/2021,22:6:54.0,37.79209617,-122.41935867
7/14/2021,22:6:54.0,37.79209617,-122.41935867
7/14/2021,22:6:55.0,37.79209900,-122.41936283
7/14/2021,22:6:55.0,37.79209900,-122.41936283
7/14/2021,22:6:56.0,37.79210417,-122.41936533
7/14/2021,22:6:56.0,37.79210417,-122.41936533
7/14/2021,22:6:57.0,37.79210967,-122.41936817
7/14/2021,22:6:57.0,37.79210967,-122.41936817
7/14/2021,22:6:58.0,37.79211683,-122.41936833
7/14/2021,22:6:58.0,37.79211683,-122.41936833
7/14/2021,22:6:59.0,37.79212283,-122.41936933
7/14/2021,22:6:59.0,37.79212283,-122.41936933
7/14/2021,22:7:0.0,37.79212917,-122.41936983
7/14/2021,22:7:0.0,37.79212917,-122.41936983
7/14/2021,22:7:1.0,37.79213517,-122.41936700
7/14/2021,22:7:1.0,37.79213517,-122.41936700
7/14/2021,22:7:1.0,37.79213517,-122.41936700
7/14/2021,22:7:2.0,37.79214633,-122.41935950
7/14/2021,22:7:2.0,37.79214633,-122.41935950
7/14/2021,22:7:3.0,37.79215017,-122.41935933
7/14/2021,22:7:3.0,37.79215017,-122.41935933
7/14/2021,22:7:4.0,37.79215167,-122.41936017
7/14/2021,22:7:4.0,37.79215167,-122.41936017
7/14/2021,22:7:5.0,37.79215233,-122.41936333
7/14/2021,22:7:5.0,37.79215233,-122.41936333
7/14/2021,22:7:6.0,37.79215400,-122.41936500
7/14/2021,22:7:6.0,37.79215400,-122.41936500
7/14/2021,22:7:7.0,37.79215500,-122.41936783
7/14/2021,22:7:7.0,37.79215500,-122.41936783
7/14/2021,22:7:8.0,37.79215717,-122.41937467
7/14/2021,22:7:8.0,37.79215717,-122.41937467
7/14/2021,22:7:9.0,37.79216300,-122.41937850
7/14/2021,22:7:9.0,37.79216300,-122.41937850
7/14/2021,22:7:10.0,37.79217800,-122.41938000
7/14/2021,22:7:10.0,37.79217800,-122.41938000
7/14/2021,22:7:11.0,37.79219150,-122.41938467
7/14/2021,22:7:11.0,37.79219150,-122.41938467
7/14/2021,22:7:12.0,37.79220300,-122.41939283
7/14/2021,22:7:12.0,37.79220300,-122.41939283
7/14/2021,22:7:12.0,37.79220300,-122.41939283
7/14/2021,22:7:13.0,37.79221700,-122.41940367
7/14/2021,22:7:13.0,37.79221700,-122.41940367
7/14/2021,22:7:14.0,37.79223150,-122.41941250
7/14/2021,22:7:14.0,37.79223150,-122.41941250
7/14/2021,22:7:15.0,37.79223450,-122.41942917
7/14/2021,22:7:15.0,37.79223450,-122.41942917
7/14/2021,22:7:16.0,37.79223300,-122.41945050
7/14/2021,22:7:16.0,37.79223300,-122.41945050
7/14/2021,22:7:17.0,37.79223133,-122.41945683
7/14/2021,22:7:17.0,37.79223133,-122.41945683
7/14/2021,22:7:17.0,37.79223133,-122.41945683
7/14/2021,22:7:18.0,37.79223083,-122.41946000
7/14/2021,22:7:18.0,37.79223083,-122.41946000
7/14/2021,22:7:19.0,37.79222200,-122.41945400
7/14/2021,22:7:19.0,37.79222200,-122.41945400
7/14/2021,22:7:20.0,37.79221950,-122.41944700
7/14/2021,22:7:20.0,37.79221950,-122.41944700
7/14/2021,22:7:21.0,37.79221783,-122.41943617
7/14/2021,22:7:21.0,37.79221783,-122.41943617
7/14/2021,22:7:22.0,37.79221750,-122.41943000
7/14/2021,22:7:22.0,37.79221750,-122.41943000
7/14/2021,22:7:23.0,37.79221833,-122.41942533
7/14/2021,22:7:23.0,37.79221833,-122.41942533
7/14/2021,22:7:24.0,37.79222100,-122.41942217
7/14/2021,22:7:24.0,37.79222100,-122.41942217
7/14/2021,22:7:25.0,37.79222300,-122.41942117
7/14/2021,22:7:25.0,37.79222300,-122.41942117
7/14/2021,22:7:26.0,37.79222533,-122.41942100
7/14/2021,22:7:26.0,37.79222533,-122.41942100
7/14/2021,22:7:27.0,37.79222900,-122.41942133
7/14/2021,22:7:27.0,37.79222900,-122.41942133
7/14/2021,22:7:27.0,37.79222900,-122.41942133
7/14/2021,22:7:28.0,37.79223150,-122.41942267
7/14/2021,22:7:28.0,37.79223150,-122.41942267
7/14/2021,22:7:29.0,37.79223217,-122.41942550
7/14/2021,22:7:29.0,37.79223217,-122.41942550
7/14/2021,22:7:30.0,37.79223233,-122.41942717
7/14/2021,22:7:30.0,37.79223233,-122.41942717
7/14/2021,22:7:31.0,37.79224200,-122.41942233
7/14/2021,22:7:31.0,37.79224200,-122.41942233
7/14/2021,22:7:32.0,37.79225050,-122.41942183
7/14/2021,22:7:32.0,37.79225050,-122.41942183
7/14/2021,22:7:33.0,37.79226233,-122.41942383
7/14/2021,22:7:33.0,37.79226233,-122.41942383
7/14/2021,22:7:34.0,37.79228000,-122.41942133
7/14/2021,22:7:34.0,37.79228000,-122.41942133
7/14/2021,22:7:35.0,37.79229700,-122.41941900
7/14/2021,22:7:35.0,37.79229700,-122.41941900
7/14/2021,22:7:36.0,37.79231233,-122.41941783
7/14/2021,22:7:36.0,37.79231233,-122.41941783
7/14/2021,22:7:37.0,37.79232633,-122.41941567
7/14/2021,22:7:37.0,37.79232633,-122.41941567
7/14/2021,22:7:38.0,37.79234317,-122.41941250
7/14/2021,22:7:38.0,37.79234317,-122.41941250
7/14/2021,22:7:39.0,37.79235967,-122.41941050
7/14/2021,22:7:39.0,37.79235967,-122.41941050
7/14/2021,22:7:40.0,37.79238100,-122.41940283
7/14/2021,22:7:40.0,37.79238100,-122.41940283
7/14/2021,22:7:41.0,37.79240167,-122.41939550
7/14/2021,22:7:41.0,37.79240167,-122.41939550
7/14/2021,22:7:42.0,37.79242017,-122.41939067
7/14/2021,22:7:42.0,37.79242017,-122.41939067
7/14/2021,22:7:43.0,37.79243683,-122.41938550
7/14/2021,22:7:43.0,37.79243683,-122.41938550
7/14/2021,22:7:44.0,37.79244917,-122.41938050
7/14/2021,22:7:44.0,37.79244917,-122.41938050
7/14/2021,22:7:45.0,37.79247000,-122.41937700
7/14/2021,22:7:45.0,37.79247000,-122.41937700
7/14/2021,22:7:46.0,37.79248800,-122.41937617
7/14/2021,22:7:46.0,37.79248800,-122.41937617
7/14/2021,22:7:47.0,37.79250600,-122.41937083
7/14/2021,22:7:47.0,37.79250600,-122.41937083
7/14/2021,22:7:48.0,37.79252350,-122.41936383
7/14/2021,22:7:48.0,37.79252350,-122.41936383
7/14/2021,22:7:49.0,37.79253850,-122.41935683
7/14/2021,22:7:49.0,37.79253850,-122.41935683
7/14/2021,22:7:50.0,37.79255267,-122.41935183
7/14/2021,22:7:50.0,37.79255267,-122.41935183
7/14/2021,22:7:51.0,37.79256950,-122.41934517
7/14/2021,22:7:51.0,37.79256950,-122.41934517
7/14/2021,22:7:52.0,37.79258550,-122.41933717
7/14/2021,22:7:52.0,37.79258550,-122.41933717
7/14/2021,22:7:53.0,37.79259883,-122.41933517
7/14/2021,22:7:53.0,37.79259883,-122.41933517
7/14/2021,22:7:54.0,37.79260967,-122.41933783
7/14/2021,22:7:54.0,37.79260967,-122.41933783
7/14/2021,22:7:54.0,37.79260967,-122.41933783
7/14/2021,22:7:55.0,37.79261917,-122.41934183
7/14/2021,22:7:55.0,37.79261917,-122.41934183
7/14/2021,22:7:56.0,37.79263333,-122.41934550
7/14/2021,22:7:56.0,37.79263333,-122.41934550
7/14/2021,22:7:57.0,37.79264817,-122.41934983
7/14/2021,22:7:57.0,37.79264817,-122.41934983
7/14/2021,22:7:58.0,37.79266300,-122.41935533
7/14/2021,22:7:58.0,37.79266300,-122.41935533
7/14/2021,22:7:59.0,37.79267967,-122.41936133
7/14/2021,22:7:59.0,37.79267967,-122.41936133
7/14/2021,22:7:59.0,37.79267967,-122.41936133
7/14/2021,22:8:0.0,37.79269750,-122.41936900
7/14/2021,22:8:0.0,37.79269750,-122.41936900
7/14/2021,22:8:1.0,37.79271633,-122.41938183
7/14/2021,22:8:1.0,37.79271633,-122.41938183
7/14/2021,22:8:2.0,37.79273733,-122.41939817
7/14/2021,22:8:2.0,37.79273733,-122.41939817
7/14/2021,22:8:3.0,37.79276233,-122.41941767
7/14/2021,22:8:3.0,37.79276233,-122.41941767
7/14/2021,22:8:4.0,37.79278033,-122.41943900
7/14/2021,22:8:4.0,37.79278033,-122.41943900
7/14/2021,22:8:5.0,37.79279250,-122.41945883
7/14/2021,22:8:5.0,37.79279250,-122.41945883
7/14/2021,22:8:6.0,37.79279650,-122.41946250
7/14/2021,22:8:6.0,37.79279650,-122.41946250
7/14/2021,22:8:7.0,37.79280900,-122.41945917
7/14/2021,22:8:7.0,37.79280900,-122.41945917
7/14/2021,22:8:8.0,37.79282133,-122.41945550
7/14/2021,22:8:8.0,37.79282133,-122.41945550
7/14/2021,22:8:9.0,37.79283017,-122.41945183
7/14/2021,22:8:9.0,37.79283017,-122.41945183
7/14/2021,22:8:10.0,37.79283500,-122.41945067
7/14/2021,22:8:10.0,37.79283500,-122.41945067
7/14/2021,22:8:11.0,37.79284067,-122.41944900
7/14/2021,22:8:11.0,37.79284067,-122.41944900
7/14/2021,22:8:12.0,37.79284333,-122.41945050
7/14/2021,22:8:12.0,37.79284333,-122.41945050
7/14/2021,22:8:13.0,37.79284650,-122.41945117
7/14/2021,22:8:13.0,37.79284650,-122.41945117
7/14/2021,22:8:14.0,37.79284800,-122.41945233
7/14/2021,22:8:14.0,37.79284800,-122.41945233
7/14/2021,22:8:15.0,37.79285183,-122.41945750
7/14/2021,22:8:15.0,37.79285183,-122.41945750
7/14/2021,22:8:16.0,37.79285617,-122.41946200
7/14/2021,22:8:16.0,37.79285617,-122.41946200
7/14/2021,22:8:17.0,37.79286067,-122.41946600
7/14/2021,22:8:17.0,37.79286067,-122.41946600
7/14/2021,22:8:18.0,37.79286517,-122.41946967
7/14/2021,22:8:18.0,37.79286517,-122.41946967
7/14/2021,22:8:19.0,37.79287083,-122.41947250
7/14/2021,22:8:19.0,37.79287083,-122.41947250
7/14/2021,22:8:20.0,37.79287633,-122.41947583
7/14/2021,22:8:20.0,37.79287633,-122.41947583
7/14/2021,22:8:21.0,37.79288417,-122.41947850
7/14/2021,22:8:21.0,37.79288417,-122.41947850
7/14/2021,22:8:22.0,37.79288667,-122.41947867
7/14/2021,22:8:22.0,37.79288667,-122.41947867
7/14/2021,22:8:23.0,37.79288733,-122.41947983
7/14/2021,22:8:23.0,37.79288733,-122.41947983
7/14/2021,22:8:24.0,37.79289067,-122.41947833
7/14/2021,22:8:24.0,37.79289067,-122.41947833
7/14/2021,22:8:25.0,37.79289417,-122.41947267
7/14/2021,22:8:25.0,37.79289417,-122.41947267
7/14/2021,22:8:26.0,37.79289717,-122.41946683
7/14/2021,22:8:26.0,37.79289717,-122.41946683
7/14/2021,22:8:26.0,37.79289717,-122.41946683
7/14/2021,22:8:27.0,37.79290333,-122.41945517
7/14/2021,22:8:27.0,37.79290333,-122.41945517
7/14/2021,22:8:28.0,37.79290883,-122.41944600
7/14/2021,22:8:28.0,37.79290883,-122.41944600
7/14/2021,22:8:29.0,37.79291333,-122.41944217
7/14/2021,22:8:29.0,37.79291333,-122.41944217
7/14/2021,22:8:30.0,37.79292017,-122.41943467
7/14/2021,22:8:30.0,37.79292017,-122.41943467
7/14/2021,22:8:31.0,37.79292567,-122.41942783
7/14/2021,22:8:31.0,37.79292567,-122.41942783
7/14/2021,22:8:32.0,37.79292967,-122.41942283
7/14/2021,22:8:32.0,37.79292967,-122.41942283
7/14/2021,22:8:33.0,37.79293200,-122.41942233
7/14/2021,22:8:33.0,37.79293200,-122.41942233
7/14/2021,22:8:34.0,37.79293600,-122.41942267
7/14/2021,22:8:34.0,37.79293600,-122.41942267
7/14/2021,22:8:35.0,37.79293983,-122.41942300
7/14/2021,22:8:35.0,37.79293983,-122.41942300
7/14/2021,22:8:36.0,37.79294167,-122.41942317
7/14/2021,22:8:36.0,37.79294167,-122.41942317
7/14/2021,22:8:37.0,37.79294367,-122.41942267
7/14/2021,22:8:37.0,37.79294367,-122.41942267
7/14/2021,22:8:38.0,37.79295367,-122.41942383
7/14/2021,22:8:38.0,37.79295367,-122.41942383
7/14/2021,22:8:39.0,37.79296283,-122.41942483
7/14/2021,22:8:39.0,37.79296283,-122.41942483
7/14/2021,22:8:40.0,37.79296967,-122.41942883
7/14/2021,22:8:40.0,37.79296967,-122.41942883
7/14/2021,22:8:41.0,37.79297950,-122.41943017
7/14/2021,22:8:41.0,37.79297950,-122.41943017
7/14/2021,22:8:42.0,37.79299267,-122.41943167
7/14/2021,22:8:42.0,37.79299267,-122.41943167
7/14/2021,22:8:43.0,37.79300450,-122.41943383
7/14/2021,22:8:43.0,37.79300450,-122.41943383
7/14/2021,22:8:44.0,37.79301367,-122.41943633
7/14/2021,22:8:44.0,37.79301367,-122.41943633
7/14/2021,22:8:45.0,37.79302533,-122.41943900
7/14/2021,22:8:45.0,37.79302533,-122.41943900
7/14/2021,22:8:46.0,37.79303800,-122.41944233
7/14/2021,22:8:46.0,37.79303800,-122.41944233
7/14/2021,22:8:47.0,37.79305233,-122.41944617
7/14/2021,22:8:47.0,37.79305233,-122.41944617
7/14/2021,22:8:47.0,37.79305233,-122.41944617
7/14/2021,22:8:48.0,37.79306917,-122.41945033
7/14/2021,22:8:48.0,37.79306917,-122.41945033
7/14/2021,22:8:49.0,37.79308533,-122.41945317
7/14/2021,22:8:49.0,37.79308533,-122.41945317
7/14/2021,22:8:50.0,37.79310467,-122.41945717
7/14/2021,22:8:50.0,37.79310467,-122.41945717
7/14/2021,22:8:51.0,37.79312583,-122.41946100
7/14/2021,22:8:51.0,37.79312583,-122.41946100
7/14/2021,22:8:52.0,37.79314767,-122.41946417
7/14/2021,22:8:52.0,37.79314767,-122.41946417
7/14/2021,22:8:52.0,37.79314767,-122.41946417
7/14/2021,22:8:53.0,37.79317717,-122.41946650
7/14/2021,22:8:53.0,37.79317717,-122.41946650
7/14/2021,22:8:54.0,37.79320567,-122.41946550
7/14/2021,22:8:54.0,37.79320567,-122.41946550
7/14/2021,22:8:55.0,37.79323917,-122.41946433
7/14/2021,22:8:55.0,37.79323917,-122.41946433
7/14/2021,22:8:56.0,37.79327233,-122.41946317
7/14/2021,22:8:56.0,37.79327233,-122.41946317
7/14/2021,22:8:57.0,37.79329167,-122.41946050
7/14/2021,22:8:57.0,37.79329167,-122.41946050
7/14/2021,22:8:57.0,37.79329167,-122.41946050
7/14/2021,22:8:58.0,37.79332400,-122.41946183
7/14/2021,22:8:58.0,37.79332400,-122.41946183
7/14/2021,22:8:59.0,37.79334667,-122.41946150
7/14/2021,22:8:59.0,37.79334667,-122.41946150
7/14/2021,22:9:0.0,37.79338167,-122.41946567
7/14/2021,22:9:0.0,37.79338167,-122.41946567
7/14/2021,22:9:1.0,37.79340217,-122.41946850
7/14/2021,22:9:1.0,37.79340217,-122.41946850
7/14/2021,22:9:2.0,37.79343283,-122.41947183
7/14/2021,22:9:2.0,37.79343283,-122.41947183
7/14/2021,22:9:3.0,37.79345050,-122.41946983
7/14/2021,22:9:3.0,37.79345050,-122.41946983
7/14/2021,22:9:4.0,37.79348083,-122.41946467
7/14/2021,22:9:4.0,37.79348083,-122.41946467
7/14/2021,22:9:5.0,37.79350300,-122.41946233
7/14/2021,22:9:5.0,37.79350300,-122.41946233
7/14/2021,22:9:6.0,37.79354483,-122.41946583
7/14/2021,22:9:6.0,37.79354483,-122.41946583
7/14/2021,22:9:7.0,37.79356867,-122.41947183
7/14/2021,22:9:7.0,37.79356867,-122.41947183
7/14/2021,22:9:8.0,37.79360717,-122.41948117
7/14/2021,22:9:8.0,37.79360717,-122.41948117
7/14/2021,22:9:9.0,37.79363383,-122.41948450
7/14/2021,22:9:9.0,37.79363383,-122.41948450
7/14/2021,22:9:10.0,37.79366900,-122.41948417
7/14/2021,22:9:10.0,37.79366900,-122.41948417
7/14/2021,22:9:11.0,37.79370683,-122.41948267
7/14/2021,22:9:11.0,37.79370683,-122.41948267
7/14/2021,22:9:12.0,37.79374517,-122.41947900
7/14/2021,22:9:12.0,37.79374517,-122.41947900
7/14/2021,22:9:13.0,37.79379217,-122.41947900
7/14/2021,22:9:13.0,37.79379217,-122.41947900
7/14/2021,22:9:13.0,37.79379217,-122.41947900
7/14/2021,22:9:14.0,37.79380900,-122.41948467
7/14/2021,22:9:14.0,37.79380900,-122.41948467
7/14/2021,22:9:15.0,37.79384900,-122.41949550
7/14/2021,22:9:15.0,37.79384900,-122.41949550
7/14/2021,22:9:16.0,37.79390300,-122.41951100
7/14/2021,22:9:16.0,37.79390300,-122.41951100
7/14/2021,22:9:17.0,37.79395667,-122.41952017
7/14/2021,22:9:17.0,37.79395667,-122.41952017
7/14/2021,22:9:18.0,37.79400933,-122.41951667
7/14/2021,22:9:18.0,37.79400933,-122.41951667